id,split,region,label,class,scene_type,purity,frac_water,frac_vegetation,frac_built_up,frac_barren,frac_cropland,deg_sigma_x,deg_sigma_y,deg_theta,deg_noise,deg_jpeg_q,deg_noise_seed
lulc_00000,lulc,29,0,water,river_delta,0.8199055989583334,0.8199055989583334,0.156005859375,0.0,0.0,0.0240885416666666,1.4329706076679811,1.153998784812838,2.3108379007707818,3.4924206439690493,57,1844205634
lulc_00001,lulc,28,0,water,harbour,0.9274088541666666,0.9274088541666666,0.0,0.0164116753472222,0.0561794704861111,0.0,2.299297196214512,1.006406044953,0.9055443578597498,4.926375596630093,68,1517295781
lulc_00002,lulc,26,3,barren,river_delta,0.9087185329861112,0.0847981770833333,0.0064832899305555,0.0,0.9087185329861112,0.0,0.8485209071671658,0.897275571154232,2.5946220513913216,3.423036076606249,64,1999423345
lulc_00003,lulc,26,4,cropland,farmland,0.7724880642361112,0.0634223090277777,0.0,0.1640896267361111,0.0,0.7724880642361112,1.8768581963411848,0.865693983556952,0.0081965560061919,6.411893479453339,46,556127982
lulc_00004,lulc,29,2,built_up,harbour,0.7628038194444444,0.1061197916666666,0.0,0.7628038194444444,0.1310763888888889,0.0,2.153087832815142,1.6642662767235286,1.6283191031544235,2.278612762805941,83,531240964
lulc_00005,lulc,26,3,barren,quarry,0.6470811631944444,0.0317654079861111,0.0379503038194444,0.283203125,0.6470811631944444,0.0,1.422873600299928,1.7885880713113589,0.829677543191402,0.5410771175497677,82,107018212
lulc_00006,lulc,24,3,barren,urban_grid,1.0,0.0,0.0,0.0,1.0,0.0,1.3499024930237302,0.7132807139963453,1.6484204321233673,1.1314723834647469,74,1686253843
lulc_00007,lulc,28,3,barren,river_delta,0.6559244791666666,0.3362901475694444,0.0077853732638888,0.0,0.6559244791666666,0.0,1.7367226191039935,1.9484684946386093,0.1502395702248833,8.636969315585375,79,91196156
lulc_00008,lulc,25,0,water,river_delta,0.66015625,0.66015625,0.1047634548611111,0.0,0.2350802951388889,0.0,1.6529156016632354,2.069528062167884,1.9565756109954668,0.9141182382743628,60,2043187635
lulc_00009,lulc,27,2,built_up,urban_grid,0.7017686631944444,0.0,0.2982313368055556,0.7017686631944444,0.0,0.0,1.7600387695440762,1.4183632177987398,2.514725629259293,6.536027041781472,77,2029091538
lulc_00010,lulc,28,2,built_up,harbour,1.0,0.0,0.0,1.0,0.0,0.0,0.6828877234721707,1.9875816966929127,0.5184941412888112,0.4449435280091367,92,1278416895
lulc_00011,lulc,27,3,barren,river_delta,1.0,0.0,0.0,0.0,1.0,0.0,1.5037220936834332,1.4182156739373906,2.914181612219874,6.454862715983823,48,955446439
lulc_00012,lulc,26,4,cropland,farmland,0.6294759114583334,0.0,0.3705240885416667,0.0,0.0,0.6294759114583334,1.1176239388576468,1.8397638971466963,2.312472339224234,6.234432152803623,58,1128273178
lulc_00013,lulc,27,2,built_up,urban_grid,0.8755154079861112,0.0,0.0240614149305555,0.8755154079861112,0.1004231770833333,0.0,1.5025629606959283,1.1470989257836333,1.922319036276128,0.7468495331184206,88,785134400
lulc_00014,lulc,26,0,water,river_delta,1.0,1.0,0.0,0.0,0.0,0.0,1.0059101089823557,0.9510690227137932,1.5355052733344057,0.2283267886083191,64,1824891113
lulc_00015,lulc,27,1,vegetation,river_delta,1.0,0.0,1.0,0.0,0.0,0.0,0.974901111005578,2.1997727670114324,2.241198701493885,9.2736961898292,89,567474639
lulc_00016,lulc,25,2,built_up,harbour,1.0,0.0,0.0,1.0,0.0,0.0,1.01314346032212,1.717103562527546,1.901009300427302,6.838974948148435,86,1150664370
lulc_00017,lulc,28,4,cropland,river_delta,0.7625596788194444,0.0,0.1436903211805555,0.0,0.09375,0.7625596788194444,1.2089417309157784,1.5948169204898237,0.0937297242513303,9.910853210843898,74,755301908
lulc_00018,lulc,24,4,cropland,farmland,0.8397081163194444,0.0627983940972222,0.0,0.0974934895833333,0.0,0.8397081163194444,0.8107738970404654,0.8054793101238542,0.4692808779504626,8.035313556755579,51,1075362954
lulc_00019,lulc,25,4,cropland,river_delta,1.0,0.0,0.0,0.0,0.0,1.0,1.8079810067627535,1.8824089411510148,2.9447066302089246,0.1239812168259022,61,1836912089
lulc_00020,lulc,29,4,cropland,farmland,0.8904351128472222,0.0761990017361111,0.0,0.0333658854166666,0.0,0.8904351128472222,1.8025591166650003,1.8206540664037612,0.0307624281375048,2.740013922292454,66,1990883696
lulc_00021,lulc,27,1,vegetation,farmland,1.0,0.0,1.0,0.0,0.0,0.0,2.3540862955318835,2.270674423812361,1.619006249311323,8.835045417301474,58,1808113037
lulc_00022,lulc,27,2,built_up,urban_grid,1.0,0.0,0.0,1.0,0.0,0.0,2.1550715938310687,0.7768701903858621,0.5520111819238758,8.050745923541564,83,368079419
lulc_00023,lulc,28,2,built_up,harbour,1.0,0.0,0.0,1.0,0.0,0.0,1.8869489167545872,1.414425073560989,2.8805158291303945,8.023714408207534,56,640696712
lulc_00024,lulc,28,0,water,river_delta,0.8722330729166666,0.8722330729166666,0.0380316840277777,0.0,0.0237087673611111,0.0660264756944444,1.0375595701750713,1.1547647501788076,1.157946952246681,1.19426205760728,87,194042130
lulc_00025,lulc,24,0,water,harbour,0.8765462239583334,0.8765462239583334,0.0,0.0677625868055555,0.0556911892361111,0.0,0.7480126127620601,0.7259619933666556,1.029703048024488,1.764500035371484,74,134015821
lulc_00026,lulc,26,2,built_up,urban_grid,1.0,0.0,0.0,1.0,0.0,0.0,1.2284589370680306,0.8997440823520966,1.2669397405738083,3.6462838550920855,47,1669459491
lulc_00027,lulc,28,0,water,river_delta,0.8276638454861112,0.8276638454861112,0.0731065538194444,0.0,0.0992296006944444,0.0,0.8415074935175879,0.6425216287132328,1.013642471819062,9.761029366217825,58,737553123
lulc_00028,lulc,26,1,vegetation,farmland,0.6482747395833334,0.0,0.6482747395833334,0.0,0.0,0.3517252604166667,0.8601292053532449,1.57460895909781,0.2683474921884277,7.795264446040757,56,2128383925
lulc_00029,lulc,26,3,barren,river_delta,1.0,0.0,0.0,0.0,1.0,0.0,1.36666565501453,0.8636807362145342,0.0692446275186568,3.3693387399358072,94,1684516355
lulc_00030,lulc,29,0,water,harbour,0.6321885850694444,0.6321885850694444,0.0,0.3678114149305556,0.0,0.0,1.9887701691483304,2.081596088952411,2.322664437387625,1.8437674219255693,72,2036230904
lulc_00031,lulc,29,2,built_up,harbour,1.0,0.0,0.0,1.0,0.0,0.0,1.8983145050087928,1.3967419160520702,0.1389292399229372,10.685017819935885,47,315359681
lulc_00032,lulc,29,3,barren,river_delta,0.832275390625,0.0,0.0611979166666666,0.0,0.832275390625,0.1065266927083333,0.8319855257926869,2.003034321747774,1.3382656074314851,1.0473243927449651,81,1732477932
lulc_00033,lulc,24,1,vegetation,quarry,0.8498806423611112,0.0645887586805555,0.8498806423611112,0.0398491753472222,0.0456814236111111,0.0,0.6876102284551107,2.032589504036921,2.8394396954243595,2.04487647517426,95,566858263
lulc_00034,lulc,27,0,water,river_delta,0.8443739149305556,0.8443739149305556,0.0473361545138888,0.0,0.0,0.1082899305555555,0.6576906934551657,1.974899279926687,2.8498900611177302,3.47650480903217,57,153352450
lulc_00035,lulc,24,4,cropland,farmland,0.8534613715277778,0.0276963975694444,0.0101996527777777,0.108642578125,0.0,0.8534613715277778,1.7447215531790006,0.6804761870598176,2.052387942110412,8.245988093706345,87,141817012
lulc_00036,lulc,28,2,built_up,urban_grid,0.7028266059027778,0.0,0.0763346354166666,0.7028266059027778,0.2208387586805555,0.0,1.629943932798509,2.1120613556438244,0.8402855786432832,4.7663320384647205,52,829874418
lulc_00037,lulc,25,3,barren,quarry,1.0,0.0,0.0,0.0,1.0,0.0,1.4375384369908484,0.6389168283982369,2.8117331180344647,0.7877745206338735,46,2082637651
lulc_00038,lulc,24,4,cropland,farmland,1.0,0.0,0.0,0.0,0.0,1.0,1.4411175129588107,2.1747217610010696,0.6213696238213295,1.751781403712393,52,579350925
lulc_00039,lulc,27,0,water,river_delta,1.0,1.0,0.0,0.0,0.0,0.0,2.3510754446518507,1.4844395240589954,1.6048972121005545,0.2679212604010388,76,428797930
lulc_00040,lulc,26,3,barren,river_delta,1.0,0.0,0.0,0.0,1.0,0.0,1.9495433964779112,1.1456236119656609,1.5697095304023716,4.7908973104573285,85,1694931205
lulc_00041,lulc,29,4,cropland,farmland,1.0,0.0,0.0,0.0,0.0,1.0,1.447242743059488,1.8187935498609176,1.2409144424503855,0.4168626946272904,93,2109724524
lulc_00042,lulc,27,3,barren,river_delta,0.7375217013888888,0.1619466145833333,0.0,0.0,0.7375217013888888,0.1005316840277777,0.7993355484572301,0.8828334188516951,3.1261394438234027,11.881932485323912,94,5652757
lulc_00043,lulc,24,1,vegetation,quarry,0.8234320746527778,0.0352647569444444,0.8234320746527778,0.0272081163194444,0.1140950520833333,0.0,1.3807937717584569,1.0021739340916105,0.0430014517562055,5.318969110786692,58,39523194
lulc_00044,lulc,26,2,built_up,harbour,0.9627549913194444,0.0187174479166666,0.0,0.9627549913194444,0.0185275607638888,0.0,1.0682153389881055,0.6023780760863464,0.500553982824047,5.58876080138619,82,310722063
lulc_00045,lulc,29,2,built_up,urban_grid,0.8579915364583334,0.0,0.1284450954861111,0.8579915364583334,0.0135633680555555,0.0,1.0316740108949627,1.3864401207366432,0.5393442238065477,0.4106478989719289,87,1007113120
lulc_00046,lulc,25,0,water,river_delta,1.0,1.0,0.0,0.0,0.0,0.0,2.380775625734517,1.9069657857792723,0.904356844625944,10.111925982301262,63,193390484
lulc_00047,lulc,28,0,water,harbour,0.5958930121527778,0.5958930121527778,0.0,0.1921657986111111,0.2119411892361111,0.0,1.8570039930784,1.0984265783788154,0.7255665089015209,4.664449358387002,50,783395114
lulc_00048,lulc,28,3,barren,quarry,1.0,0.0,0.0,0.0,1.0,0.0,1.97152790187524,1.42118124762283,2.3333137582923658,5.204067780560236,57,784370367
lulc_00049,lulc,25,0,water,river_delta,0.6784396701388888,0.6784396701388888,0.0,0.0,0.0,0.3215603298611111,2.245781625243884,1.7821226756648287,0.9750100002698294,4.40790055562179,53,1973270457
lulc_00050,lulc,25,4,cropland,farmland,0.8466525607638888,0.0827907986111111,0.070556640625,0.0,0.0,0.8466525607638888,1.097558793799444,0.8198341946103938,1.50228991830323,3.580408055693701,78,208250372
lulc_00051,lulc,28,1,vegetation,urban_grid,0.6668294270833334,0.0,0.6668294270833334,0.0433485243055555,0.2898220486111111,0.0,2.071660946045658,0.803273017440108,1.1835957244630644,4.945255559795553,56,1650649140
lulc_00052,lulc,29,4,cropland,farmland,0.7269151475694444,0.1178656684027777,8.138020833333333e-05,0.1551378038194444,0.0,0.7269151475694444,1.211475003593363,1.8835951989537645,1.4092028671354253,9.173837123952158,59,149824219
lulc_00053,lulc,26,4,cropland,farmland,0.7782118055555556,0.0340983072916666,0.0449761284722222,0.1427137586805555,0.0,0.7782118055555556,1.6127403802148337,2.2968099461524574,3.041825290548842,5.599441690147266,53,526383570
lulc_00054,lulc,25,1,vegetation,farmland,1.0,0.0,1.0,0.0,0.0,0.0,0.9778173927125408,2.3876169304229404,2.990104662503989,6.378397096584518,75,237143514
lulc_00055,lulc,27,2,built_up,harbour,0.86962890625,0.0693088107638889,0.0,0.86962890625,0.0610622829861111,0.0,1.3204534515354769,2.2852112923189174,3.1134516987082805,0.2125450067812178,48,1192972779
lulc_00056,lulc,28,1,vegetation,river_delta,0.6067979600694444,0.0,0.6067979600694444,0.0,0.1990831163194444,0.1941189236111111,1.7311138684251643,2.2707966507389643,1.4683475208120265,9.463184271497711,93,1726741746
lulc_00057,lulc,27,2,built_up,urban_grid,0.7820909288194444,0.0,0.0,0.7820909288194444,0.2179090711805555,0.0,1.88906141505822,2.2858927071728568,1.6461337707763777,2.9653632538475483,84,1148649564
lulc_00058,lulc,26,1,vegetation,quarry,0.8731282552083334,0.0762803819444444,0.8731282552083334,0.0031195746527777,0.0474717881944444,0.0,1.8926569346233268,1.2112373973239836,2.769536687098316,11.488062676403436,47,1998908272
lulc_00059,lulc,25,4,cropland,farmland,0.7533094618055556,0.1237521701388889,0.1229383680555555,0.0,0.0,0.7533094618055556,1.456204022188428,1.5148141422868329,2.7310824016866104,3.095773631655629,86,310892828
lulc_00060,lulc,28,1,vegetation,river_delta,1.0,0.0,1.0,0.0,0.0,0.0,1.5448509782774829,0.8886232234938657,3.012478944632462,9.165492874996623,74,515807595
lulc_00061,lulc,27,1,vegetation,urban_grid,1.0,0.0,1.0,0.0,0.0,0.0,2.119467413819492,2.181265256119804,0.7172965133889889,0.5810619718805565,78,1529082459
lulc_00062,lulc,26,1,vegetation,farmland,0.8464898003472222,0.0292426215277777,0.8464898003472222,0.0,0.0,0.124267578125,1.5266580451151848,1.4220523699379035,1.3958160887554627,9.599247889405872,86,1249820412
lulc_00063,lulc,27,2,built_up,urban_grid,1.0,0.0,0.0,1.0,0.0,0.0,2.131912900045269,2.2942914418375526,1.5239328799514926,7.307451334799579,85,1730966918
lulc_00064,lulc,26,4,cropland,farmland,0.7078993055555556,0.234375,0.0577256944444444,0.0,0.0,0.7078993055555556,1.1810125425836098,1.409919843165368,1.3717384256461929,2.688137898417454,84,690070292
lulc_00065,lulc,25,1,vegetation,quarry,0.7797037760416666,0.2202962239583333,0.7797037760416666,0.0,0.0,0.0,1.9434365647660847,1.5386705173289543,2.7805918454194094,8.815830871368245,90,103593964
lulc_00066,lulc,27,4,cropland,farmland,1.0,0.0,0.0,0.0,0.0,1.0,1.0904129413994066,1.9765971774826172,2.8472031797525013,9.274565112425542,72,1177237513
lulc_00067,lulc,25,1,vegetation,farmland,0.6510145399305556,0.0,0.6510145399305556,0.0292154947916666,0.0,0.3197699652777778,1.249435681786307,1.2577971178483551,3.1150785980983544,7.627789383401938,87,199720602
lulc_00068,lulc,29,2,built_up,harbour,0.7865125868055556,0.0,0.0,0.7865125868055556,0.2134874131944444,0.0,2.0896786433867587,0.8020432052733993,1.796198089783665,10.831427691077478,70,160110343
lulc_00069,lulc,25,0,water,river_delta,0.7600368923611112,0.7600368923611112,0.0,0.0,0.0375705295138888,0.202392578125,2.186199661282197,0.7551376056324629,0.0246586295093653,9.559689392973024,72,324557567
lulc_00070,lulc,28,1,vegetation,urban_grid,0.8474934895833334,0.0,0.8474934895833334,0.0,0.1525065104166666,0.0,1.432785979387893,1.5633163915563937,2.94468069902127,0.8651419845555095,52,312837636
lulc_00071,lulc,25,4,cropland,farmland,0.8640679253472222,0.0515950520833333,0.0843370225694444,0.0,0.0,0.8640679253472222,0.9851903896850898,2.1422139076735958,1.2111671653146827,10.394486050944968,71,1938250947
lulc_00072,lulc,24,4,cropland,farmland,1.0,0.0,0.0,0.0,0.0,1.0,1.5269381609233714,0.7581215051288375,1.2517938494289065,9.160565151896074,70,921572870
lulc_00073,lulc,29,0,water,harbour,0.9545355902777778,0.9545355902777778,0.0,0.0283474392361111,0.0171169704861111,0.0,2.0505360859957134,1.278124954367402,2.7770395744590424,3.553229942733742,54,886539559
lulc_00074,lulc,24,1,vegetation,river_delta,0.8530002170138888,0.0411783854166666,0.8530002170138888,0.0,0.002197265625,0.1036241319444444,2.3943194220984445,2.357978169063863,1.9783761058682328,6.791209110521979,89,1052006235
lulc_00075,lulc,24,0,water,harbour,0.7386338975694444,0.7386338975694444,0.0,0.2613661024305556,0.0,0.0,1.9552325423511008,1.4904772008726712,1.8224134128627856,5.5869836769687575,61,1277936208
lulc_00076,lulc,25,2,built_up,quarry,0.9356011284722222,0.0321994357638888,0.0,0.9356011284722222,0.0321994357638888,0.0,2.363815671945623,1.8856102677912672,1.5405976332812137,5.31717050126357,75,542770013
lulc_00077,lulc,24,4,cropland,farmland,1.0,0.0,0.0,0.0,0.0,1.0,1.0314375453234037,1.2754645753888578,1.0167791554277106,10.642767688796386,92,660637365
lulc_00078,lulc,26,1,vegetation,river_delta,1.0,0.0,1.0,0.0,0.0,0.0,1.322694708827199,1.0719421451071505,0.8869443319453657,1.1480231227595312,53,1835093577
lulc_00079,lulc,28,3,barren,river_delta,1.0,0.0,0.0,0.0,1.0,0.0,1.5080745899660082,1.1883680720158856,1.9476085665534464,11.452986698984631,89,59444677
lulc_00080,lulc,24,3,barren,quarry,1.0,0.0,0.0,0.0,1.0,0.0,0.6979595343584901,2.099396076341611,1.7066803475294725,2.7078323780457474,71,1127168352
lulc_00081,lulc,29,0,water,quarry,0.8098687065972222,0.8098687065972222,0.0,0.0,0.1901312934027778,0.0,1.2192928641639342,1.2965348977264273,1.3457884809882414,8.281764065149302,92,960359361
lulc_00082,lulc,29,1,vegetation,river_delta,0.7668999565972222,0.0,0.7668999565972222,0.0,0.0706922743055555,0.1624077690972222,2.376956396505573,1.1782674519296428,2.803791335530986,5.671074375885509,68,1729340024
lulc_00083,lulc,26,3,barren,quarry,0.6647406684027778,0.081298828125,0.1913248697916666,0.0626356336805555,0.6647406684027778,0.0,1.3453502653339453,1.8570608261446824,1.464760979977265,7.603533127619119,81,2115419950
lulc_00084,lulc,25,1,vegetation,farmland,0.7608235677083334,0.0272352430555555,0.7608235677083334,0.2119411892361111,0.0,0.0,1.979139330749256,2.132011186995675,3.048827646228561,2.2611846984071486,51,320497824
lulc_00085,lulc,24,4,cropland,farmland,1.0,0.0,0.0,0.0,0.0,1.0,1.7463611237076848,2.0834238154854887,1.6195348414849278,1.7272884728863214,79,742371146
lulc_00086,lulc,26,2,built_up,urban_grid,0.7222764756944444,0.0,0.10986328125,0.7222764756944444,0.1678602430555555,0.0,1.3579108372164286,1.5728520392793706,1.7493366229720717,8.25991650105081,86,2045993383
lulc_00087,lulc,27,1,vegetation,quarry,1.0,0.0,1.0,0.0,0.0,0.0,1.4912129945974288,2.30032640338158,2.4903111240931444,6.214339612860881,64,174959953
lulc_00088,lulc,24,2,built_up,urban_grid,1.0,0.0,0.0,1.0,0.0,0.0,2.1842039819156813,2.022962883531486,0.2552703207614804,11.70529616611632,77,835132469
lulc_00089,lulc,29,2,built_up,harbour,0.805908203125,0.0041232638888888,0.0,0.805908203125,0.1899685329861111,0.0,0.6824760724155509,0.7511273115439047,2.77438611705442,5.980030301844223,65,1371874042
lulc_00090,lulc,25,3,barren,river_delta,0.7071126302083334,0.0,0.0391438802083333,0.0,0.7071126302083334,0.2537434895833333,0.6711630048622321,1.1612993612445102,1.8658461651009477,10.609168036503617,60,1032325729
lulc_00091,lulc,27,3,barren,quarry,0.6947699652777778,0.0274793836805555,0.1187065972222222,0.1590440538194444,0.6947699652777778,0.0,1.2128925321424011,2.2349433528087093,1.0883674084952184,4.760206366501099,83,270873710
lulc_00095,lulc,29,0,water,quarry,1.0,1.0,0.0,0.0,0.0,0.0,0.8486751027260221,1.827004257291525,2.995217333294871,4.816962976281129,81,844594625
lulc_00097,lulc,27,0,water,river_delta,0.6570909288194444,0.6570909288194444,0.132568359375,0.0,0.1437445746527778,0.0665961371527777,2.2167118992762798,1.3399269281423576,2.1343171810585617,5.942781477152058,53,366832881
lulc_00099,lulc,28,0,water,quarry,0.8449435763888888,0.8449435763888888,0.1550564236111111,0.0,0.0,0.0,0.9841657142144928,0.8710004568339524,0.9407235669649592,11.833615335605757,59,1580864845
lulc_00100,lulc,29,3,barren,quarry,1.0,0.0,0.0,0.0,1.0,0.0,1.598926314985487,1.8904337753363056,0.5820342677269783,6.333227807472155,56,1497156836
lulc_00101,lulc,29,3,barren,quarry,1.0,0.0,0.0,0.0,1.0,0.0,2.0088272391285225,1.2675698346773827,3.039064277068852,7.472666088447033,82,19946815
lulc_00108,lulc,26,4,cropland,farmland,1.0,0.0,0.0,0.0,0.0,1.0,1.24577803375107,1.868489316794799,1.4018101915084948,9.589618613762124,55,321864903
lulc_00109,lulc,29,3,barren,quarry,0.8497178819444444,0.1367730034722222,0.0,0.0135091145833333,0.8497178819444444,0.0,1.336166286167515,1.1104022007506336,2.346282460971576,6.371594003179032,61,674862410
lulc_00112,lulc,24,3,barren,river_delta,0.6557345920138888,0.0,0.0705023871527777,0.0,0.6557345920138888,0.2737630208333333,1.3960950122018592,1.3925230566173463,0.7455515194019661,0.7734272787376049,55,2083468148
